"Study", "Year", "PMID", "OR", "CI.l", "CI.u", "Size", "Outcome", "group", "Analysis", "Recommended", "style", "OR.Ln", "CI.l.Ln", "CI.u.Ln", "CI.Ln_Width", "SE.Ln", "effect.size", "effect.size.SE"
"1", "Leisman, 2016", "2016", 27085369, 0.63, 0.46, 0.86, 1866, "Mortality", 1, "Initiation", "100%", "normal", -0.462035459596559, -0.776528789498996, -0.150822889734584, 0.625705899764413, 0.159618851980718, -0.462035459596559, 0.159618851980718
"2", "Kuttab, 2011", "2011", 31393324, 0.657894736842105, 0.970873786407767, 0.446428571428571, 1032, "Mortality", 1, "Completion", "100%", "normal", -0.418710334858185, -0.0295588022415444, -0.806475865866949, 0.776917063625404, 0.198193128475868, -0.418710334858185, 0.198193128475868
"3", "Pruinelli, 2018", "2018", 29298189, NA, NA, NA, 5072, "Mortality", 1, "Initiation", "100%", "normal", NA, NA, NA, NA, NA, NA, NA
"4", "Seymour, 2018*", "2018*", 28528569, 1.01, 0.99, 1.02, 26978, "Mortality", 1, "Completion", "100%", "normal", 0.00995033085316809, -0.0100503358535015, 0.0198026272961797, 0.0298529631496812, 0.00761555182389826, 0.00995033085316809, 0.00761555182389826
